rank	doi	year	first_author	title	molecules_mentioned	has_marvel_data_guess	data_location	notes
1	10.1093/mnras/stag1354	2026	Brady	ExoMol photodissociation cross-sections – V. Photodissociation rates of the SO radical		high	SI	ExoMol-related
2	10.3847/1538-4365/ae40f0	2026	Grigorev	MARVEL Analysis of the Measured High-resolution Spectra of CO Isotopologues	CO	high	SI	MARVEL in title
3	10.1093/mnras/stag979	2026	Khan	ExoMol line lists – LXVIII. Rotation–vibration–electronic spectroscopy of potassium hydride (KH)		high	SI	ExoMol line list paper
4	10.1093/mnras/stag462	2026	Smola	ExoMol line lists – LXVI. Rotation–vibration line lists for the deuterated ammonia isotopologues 14NH2D and 14ND2H	NH3,NH	high	SI	ExoMol line list paper
5	10.1088/1361-6587/ae72cc	2026	Tennyson	Line lists for BH isotopologues		high	SI	
6	10.1016/j.jqsrt.2026.109833	2026	Zobov	An assigned room temperature line list for H 2 16 O	H2O	high	SI	
7	10.1103/h853-qnjt	2025	Abdallah	First principles study of the OH radical: B Σ + 2 − X Π 2 and D Σ − 2 − X Π 2 rovibronic transitions	OH	high	SI	
8	10.1016/j.jqsrt.2025.109485	2025	Azzam	MARVEL analysis of high-resolution rovibrational spectra of 17O13C18O and 17O13C17O	CO2,CO	high	SI	2 isotopologues, spectroscopic-network method, MARVEL in title
9	10.1038/s41597-025-04755-w	2025	Azzam	The 626M24 dataset of validated transitions and empirical rovibrational energy levels of 16O12C16O	CO2	high	SI	
10	10.1016/j.jqsrt.2025.109650	2025	Blackmore	Term energy analysis of iron monohydride (FeH)	FeH	high	SI	
11	10.2139/ssrn.5348719	2025	Blackmore	Term Energy Analysis of Iron Monohydride (Feh)	FeH	high	SI	
12	10.1016/j.jqsrt.2025.109425	2025	Huang	Accurate potential energy surface, dipole moment surface, and IR line lists for OCS isotopologues up to 2000 K	OCS	high	Zenodo	12 isotopologues, ExoMol-related
13	10.3847/1538-4365/ada3c9	2025	Mahmoud	MARVEL Analysis of the Measured High-resolution Spectra of 12C16O		high	SI	spectroscopic-network method, MARVEL in title
14	10.1080/00268976.2025.2550568	2025	Mansour	MARVEL analysis of high-resolution rovibrational spectra of 16 O 13 C 17 O and 17 O 12 C 17 O	CO2	high	SI	spectroscopic-network method, MARVEL in title
15	10.1063/5.0273106	2025	Mikhailenko	Empirical energy levels and line lists of HD17O and HD18O from the analysis of far infrared absorption spectra	H2O	high	SI	
16	10.1016/j.jqsrt.2025.109444	2025	Obaidat	MARVEL analysis of high-resolution rovibrational spectra of 16O12C17O	CO2,CO	high	SI	MARVEL in title
17	10.1016/j.jms.2025.111998	2025	Sattiraju	Empirical rovibrational energy levels for carbon disulfide	CS,CS2	high	SI	2 isotopologues
18	10.1016/j.jqsrt.2025.109620	2025	Smola	Updated ro-vibrational MARVEL levels for ammonia 14NH3	NH3,NH	high	SI	ExoMol-related, MARVEL in title
19	10.1134/s1024856025700861	2025	Sulakshina	Critical Evaluation of Measured Transition Frequencies of 16OD Molecule in X2Π State Using the Ritz Principle		high	SI	Ritz/SNAPS empirical-level analysis
20	10.1016/j.jqsrt.2025.109399	2025	Upadhyay	MARVEL analysis of high-resolution spectra of ozone (16O3)	O3	high	SI	MARVEL in title
21	10.3847/1538-4365/ada288	2025	Zhang	ExoMolHR: A Relational Database of Empirical High-resolution Molecular Spectra		high	SI	58 isotopologues, ExoMol database paper
22	10.1002/jcc.27453	2024	Alatoom	MARVEL analysis of high‐resolution rovibrational spectra of 16 O 12 C 18 O	CO2	high	SI	spectroscopic-network method, MARVEL in title
23	10.1016/j.jms.2024.111947	2024	Azzam	MARVEL analysis of high-resolution rovibrational spectra of the 18O12C18O, 17O12C18O, and 18O13C18O isotopologues of carbon dioxide	CO2,CO	high	SI	838 isotopologues, spectroscopic-network method, MARVEL in title
24	10.1002/jcc.27541	2024	Azzam	MARVEL Analysis of High‐Resolution Rovibrational Spectra of 16 O 13 C 18 O	CO2	high	SI	spectroscopic-network method, MARVEL in title
25	10.2139/ssrn.4863850	2024	Azzam	MARVEL Analysis of High-Resolution Rovibrational Spectraof the 18O 12C 18O, 17O 12C 18}O, And 18O 13C 18O Isotopologues of Carbon Dioxide	CO2	high	SI	MARVEL in title
26	10.1038/s41597-024-03847-3	2024	Furtenbacher	The W2024 database of the water isotopologue $${{\rm{H}}}_{2}^{\,16}{\rm{O}}$$	H2O	high	SI	
27	10.1002/jcc.27266	2024	Ibrahim	MARVEL analysis of high‐resolution rovibrational spectra of 13C 16O 2	CO2,CO	high	SI	spectroscopic-network method, MARVEL in title
28	10.1016/j.jqsrt.2024.108897	2024	Kefala	Empirical rovibrational energy levels for methane	CH4,C2H6	high	SI	ExoMol-related
29	10.1093/mnras/stae2425	2024	Lynas-Gray	ExoMol line lists – LXII. Ro-vibrational energy levels and line strengths for the propadienediylidene (C3) in its ground electronic state	C3	high	SI	ExoMol line list paper
30	10.1093/rasti/rzae037	2024	McKemmish	A hybrid approach to generating diatomic line lists for high resolution studies of exoplanets and other hot astronomical objects: updates to ExoMol MgO, TiO, and VO line lists	TiO,VO,MgO	high	SI	ExoMol line list paper
31	10.1093/mnras/stae1110	2024	Owens	ExoMol line lists – LVIII. High-temperature molecular line list of carbonyl sulphide (OCS)	OCS	high	SI	ExoMol line list paper
32	10.1093/mnras/stae1340	2024	Perri	Full spectroscopic model and trihybrid experimental-perturbative-variational line list for NH	NH3,NH	high	SI	ExoMol-related
33	10.1093/mnras/stae2610	2024	Semenov	ExoMol line lists – LXIV. Empirical rovibronic spectra of phosphorous mononitride (PN) covering the IR and UV regions	PN	high	SI	ExoMol line list paper
34	10.1016/j.jms.2024.111965	2024	Sinitsa	Study of HD17O spectrum. Theory and experiment	H2O,HDO,HD	high	SI	
35	10.1063/5.0232298	2024	Tashkun	Complete RITZ Set of Ro-Vibrational Energy Levels of 16O3 Deduced from Experimental Spectra: Critical Analysis of Transition Frequencies in Spectroscopic Databases	O3	high	SI	Ritz/SNAPS empirical-level analysis
36	10.1016/j.jqsrt.2024.109083	2024	Tennyson	The 2024 release of the ExoMol database: Molecular line lists for exoplanet and other hot atmospheres		high	SI	224 isotopologues, ExoMol line list paper
37	10.2139/ssrn.4803603	2024	Tennyson	The 2024 Release of the Exomol Database: Molecular Line Lists for Exoplanetand Other Hot Atmospheres		high	SI	ExoMol line list paper
38	10.2139/ssrn.5035277	2024	Tennyson	Empirical Rovibrational Energy Levels for Carbon Disulfide		high	SI	
39	10.1016/j.jqsrt.2024.108902	2024	Tennyson	Empirical rovibrational energy levels for nitrous oxide	N2O	high	SI	
40	10.2139/ssrn.4882917	2024	Upadhyay	Marvel Analysis of High-Resolution Spectra of Ozone ($^{16}$O$_{3}	O3	high	SI	MARVEL in title
41	10.1093/mnras/stae148	2024	Yurchenko	ExoMol line lists – LVII. High accuracy ro-vibrational line list for methane (CH4)	CH4,C2H6	high	SI	ExoMol line list paper
42	10.1093/mnras/stae2201	2024	Yurchenko	ExoMol line lists–LIX. High-temperature line list for N2O	N2O	high	SI	ExoMol line list paper
43	10.1093/mnras/stae1849	2024	Yurchenko	ExoMol line lists – LX. Molecular line list for the ammonia isotopologue 15NH3	NH3,NH	high	SI	ExoMol line list paper, spectroscopic-network method
44	10.1093/mnras/stad050	2023	Bowesman	ExoMol line lists – L: high-resolution line lists of H3+, H2D+, D2H+, and D3+	H3+	high	SI	ExoMol line list paper
45	10.1093/mnras/stad3508	2023	Brady	ExoMol line lists – LVI. The SO line list, MARVEL analysis of experimental transition data and refinement of the spectroscopic model	NO	high	SI	ExoMol line list paper, MARVEL in title
46	10.1039/d3cp01835k	2023	Castrillo	On the 12 C 2 H 2 near-infrared spectrum: absolute transition frequencies and an improved spectroscopic network at the kHz accuracy level		high	SI	spectroscopic-network method
47	10.1016/j.jqsrt.2023.108782	2023	Germann	Optical frequency comb Fourier transform spectroscopy of formaldehyde in the 1250 to 1390 cm−1 range: Experimental line list and improved MARVEL analysis	H2CO	high	SI	MARVEL in title
48	10.1093/mnras/stad111	2023	Mellor	ExoMol line lists – XLVIII. High-temperature line list of thioformaldehyde (H2CS)	H2CO	high	SI	ExoMol line list paper
49	10.1093/mnras/stad3226	2023	Owens	ExoMol line lists – LI. Molecular line lists for lithium hydroxide (LiOH)		high	SI	ExoMol line list paper
50	10.1093/mnras/stad3909	2023	Pearce	ExoMol line lists – LII. Line lists for the methylidyne cation (CH+)	CH	high	SI	ExoMol line list paper
51	10.1093/mnras/stad2103	2023	Perri	Full spectroscopic model and trihybrid experimental-perturbative-variational line list for ZrO	ZrO	high	SI	ExoMol-related
52	10.1080/00268976.2023.2276912	2023	Tennyson	Empirical rovibronic energy levels of C 3		high	SI	
53	10.1080/00268976.2023.2279694	2023	Xu	Empirical rovibrational energy levels for carbonyl sulphide	OCS	high	SI	
54	10.1093/mnras/stad3802	2023	Yurchenko	ExoMol line lists – LIV. Empirical line lists for AlH and AlD and experimental emission spectroscopy of AlD in A1Π (v = 0, 1, 2)	AlH	high	SI	ExoMol line list paper
55	10.1093/mnras/stad3225	2023	Yurchenko	ExoMol line lists – LIII: empirical rovibronic spectra of yttrium oxide	YO	high	SI	ExoMol line list paper
56	10.48550/arxiv.2308.04173	2023	Yurchenko	ExoMol line lists -- LIII: Empirical Rovibronic spectra of Yttrium Oxide (YO)	YO	high	SI	ExoMol line list paper
57	10.1016/j.jqsrt.2022.108295	2022	Bowesman	Fine and hyperfine resolved empirical energy levels of VO	VO	high	SI	
58	10.1039/d2cp02240k	2022	Furtenbacher	Analysis of measured high-resolution doublet rovibronic spectra and related line lists of 12 CH and 16 OH	OH,CH	high	SI	
59	10.1016/j.jms.2022.111732	2022	Mellor	MARVEL analysis of high-resolution spectra of thioformaldehyde (H 2 CS)	H2CO,CS	high	SI	MARVEL in title
60	10.1093/mnras/stac371	2022	Owens	ExoMol line lists – XLV. Rovibronic molecular line lists of calcium monohydride (CaH) and magnesium monohydride (MgH)	MgH,CaH	high	SI	ExoMol line list paper
61	10.1093/mnras/stac2462	2022	Owens	ExoMol line lists – XLVII. Rovibronic molecular line list of the calcium monohydroxide radical (CaOH)		high	SI	ExoMol line list paper
62	10.1016/j.jms.2022.111733	2022	Qu	An empirical spectroscopic model for eleven electronic states of VO	VO	high	SI	
63	10.1093/mnras/stac2004	2022	Semenov	ExoMol line lists – XLVI. Empirical rovibronic spectra of silicon mononitrate (SiN) covering the six lowest electronic states and four isotopologues	SiN	high	SI	ExoMol line list paper
64	10.1093/mnras/stac3757	2022	Yurchenko	ExoMol line lists – XLVII. Rovibronic spectrum of aluminium monochloride (AlCl)	AlCl	high	SI	ExoMol line list paper
65	10.1016/j.jqsrt.2021.107563	2021	Al-Derzi	An improved rovibrational linelist of formaldehyde, H 2 12 C 16 O	H2CO	high	SI	
66	10.1093/mnras/stab2525	2021	Bowesman	A high-resolution line list for AlO	AlO	high	SI	ExoMol-related
67	10.1063/5.0038527	2021	Qu	A spectroscopic model for the low-lying electronic states of NO	NO	high	SI	
68		2021	Qu	A spectroscopic model for the low-lying electronic states of NO	NO	high	SI	no DOI
69	10.1093/mnras/stab1154	2021	Qu	ExoMol molecular line lists – XLII. Rovibronic molecular line list for the low-lying states of NO	NO	high	SI	ExoMol line list paper
70	10.1016/j.jms.2021.111561	2021	Rácsai	MARVEL analysis of the high-resolution rovibrational spectra of H16O35Cl		high	SI	MARVEL in title
71	10.1093/mnras/stab1551	2021	Syme	Full spectroscopic model and trihybrid experimental-perturbative-variational line list for CN	CN,NO	high	SI	ExoMol-related
72	10.1093/astrogeo/atab102	2021	Tennyson	ExoMol at 10		high	SI	ExoMol database paper
73	10.1093/mnras/stab3267	2021	Yurchenko	ExoMol line lists – XLIV. Infrared and ultraviolet line list for silicon monoxide (28Si16O)	SiO	high	SI	ExoMol line list paper
74	10.1093/mnras/staa229	2020	Chubb	ExoMol molecular line lists – XXXVII. Spectra of acetylene	C2H2	high	SI	ExoMol line list paper
75	10.5194/acp-20-10015-2020	2020	Conway	A semi-empirical potential energy surface and line list for H 2 16 O extending into the near-ultraviolet	H2O	high	SI	
76	10.5194/acp-2020-286	2020	Conway	A semi-empirical potential energy surface and line list for H 2 16 O extending into the near-ultraviolet	H2O	high	SI	
77	10.1063/5.0008253	2020	Furtenbacher	W2020: A Database of Validated Rovibrational Experimental Transitions and Empirical Energy Levels of H216O	H2O	high	SI	
78	10.1063/5.0030680	2020	Furtenbacher	The W2020 Database of Validated Rovibrational Experimental Transitions and Empirical Energy Levels of Water Isotopologues. II. H217O and H218O with an Update to H216O	H2O	high	SI	
79	10.1016/j.jqsrt.2020.107027	2020	Furtenbacher	Empirical rovibrational energy levels of ammonia up to 7500 cm −1	NH3	high	SI	spectroscopic-network method
80	10.1093/mnras/staa1954	2020	McKemmish	An update to the MARVEL data set and ExoMol line list for 12C2	C2	high	SI	ExoMol line list paper, MARVEL in title
81	10.1093/mnras/staa2791	2020	Syme	Experimental energy levels of 12C14N through marvel analysis	CN	high	SI	MARVEL in title
82	10.1016/j.jqsrt.2020.107228	2020	Tennyson	The 2020 release of the ExoMol database: Molecular line lists for exoplanet and other hot atmospheres		high	SI	ExoMol line list paper
83	10.1038/s41467-020-15430-6	2020	Tóbiás	Spectroscopic-network-assisted precision spectroscopy and its application to water	H2O	high	SI	Ritz/SNAPS empirical-level analysis
84	10.3390/atoms8010007	2020	Wang	Empirical Line Lists in the ExoMol Database	MgH,CaH,CrH,FeH,TiH,NH,OH,CH,CN,CP,AlF,AlCl,MgF,CaF,KF,NaF,LiF	high	SI	ExoMol line list paper
85		2020	Wang	Empirical Line Lists in the ExoMol Database	MgH,CaH,CrH,FeH,TiH,NH,OH,CH,CN,CP,AlF,AlCl,MgF,CaF,KF,NaF,LiF	high	SI	ExoMol line list paper, no DOI
86	10.3847/1538-4365/ab85cb	2020	Wang	MARVEL Analysis of the Measured High-resolution Rovibronic Spectra of the Calcium Monohydroxide Radical (CaOH)		high	SI	spectroscopic-network method, MARVEL in title
87		2020	Wang	MARVEL Analysis of the Measured High-resolution Rovibronic Spectra of the Calcium Monohydroxide Radical (CaOH)		high	SI	spectroscopic-network method, MARVEL in title, no DOI
88	10.1016/j.jms.2019.06.002	2019	Darby-Lewis	MARVEL analysis of the measured high-resolution spectra of 14 NH	NH	high	SI	MARVEL in title
89	10.1063/1.5083135	2019	Furtenbacher	MARVEL Analysis of the Measured High-Resolution Rovibronic Spectra and Definitive Ideal-Gas Thermochemistry of the 16O2 Molecule		high	SI	MARVEL in title
90	10.1093/mnras/stz2517	2019	Gorman	ExoMol molecular line lists XXXVI: X 2Π – X 2Π and A 2Σ+ – X 2Π transitions of SH	SH	high	SI	ExoMol line list paper
91	10.1093/mnras/stz912	2019	Li	ExoMol line lists – XXXII. The rovibronic spectrum of MgO	MgO	high	SI	ExoMol line list paper
92	10.1039/c8cp05169k	2019	Tóbiás	Accurate empirical rovibrational energies and transitions of H 2 16 O	H2O	high	SI	
93	10.1016/j.jqsrt.2018.07.012	2018	Chubb	Marvel analysis of the measured high-resolution rovibrational spectra of H232S	H2S	high	SI	spectroscopic-network method, MARVEL in title
94	10.1016/j.jqsrt.2018.07.022	2018	Coles	Improved potential energy surface and spectral assignments for ammonia in the near-infrared region	NH3	high	SI	
95	10.1088/1361-6455/aad6d0	2018	Darby-Lewis	Synthetic spectra of BeH, BeD and BeT for emission modeling in JET plasmas	BeH	high	SI	ExoMol-related
96	10.3847/1538-4357/aadd19	2018	McKemmish	Marvel Analysis of the Measured High-resolution Rovibronic Spectra of 90 Zr 16 O	ZrO	high	SI	MARVEL in title
97	10.1093/mnras/sty1542	2018	Owens	ExoMol line lists – XXIX. The rotation-vibration spectrum of methyl chloride up to 1200 K	CH3Cl	high	SI	ExoMol line list paper
98	10.3390/atoms6020026	2018	Tennyson	The ExoMol Atlas of Molecular Opacities		high	SI	130 isotopologues, ExoMol database paper
99		2018	Tennyson	The ExoMol atlas of molecular opacities		high	SI	130 isotopologues, ExoMol database paper, no DOI
100	10.1016/j.jqsrt.2018.01.006	2018	Tóbiás	Critical evaluation of measured rotational–vibrational transitions of four sulphur isotopologues of S16O2		high	SI	
101	10.1093/mnras/sty1524	2018	Yurchenko	ExoMol linelists XXVIII: the rovibronic spectrum of AlH	AlH	high	SI	ExoMol line list paper
102	10.1093/mnras/sty939	2018	Yurchenko	ExoMol molecular line lists – XXVI: spectra of SH and NS	SH,NS	high	SI	ExoMol line list paper
103	10.1016/j.jqsrt.2017.08.018	2017	Chubb	MARVEL analysis of the measured high-resolution rovibrational spectra of C2H2	C2H2	high	SI	spectroscopic-network method, MARVEL in title
104	10.1016/j.jqsrt.2017.06.026	2017	Kyuberis	Room temperature line lists for deuterated water	H2O	high	SI	
105	10.3847/1538-4365/228/2/15	2017	McKemmish	MARVEL Analysis of the Measured High-resolution Rovibronic Spectra of 48 Ti 16 O		high	SI	spectroscopic-network method, MARVEL in title
106	10.1093/mnras/stx502	2017	Mizus	ExoMol molecular line lists – XX. A comprehensive line list for H3+	H3+	high	SI	ExoMol line list paper
107	10.1093/mnras/stx1952	2017	Owens	ExoMol line lists – XXII. The rotation-vibration spectrum of silane up to 1200 K	SiH4	high	SI	ExoMol line list paper
108	10.1016/j.jqsrt.2017.10.016	2017	Rutkowski	An experimental water line list at 1950 K in the 6250–6670 cm −1 region	H2O,CH4,C2H6	high	SI	
109		2017	Tennyson	The ExoMol project: Software for computing large molecular line lists		high	SI	ExoMol line list paper, no DOI
110	10.1093/mnras/stx1211	2017	Wong	ExoMol line list – XXI. Nitric Oxide (NO)	NO	high	SI	ExoMol line list paper
111	10.1093/mnras/stx2738	2017	Yurchenko	ExoMol line lists XXIV: a new hot line list for silicon monohydride, SiH	SiH	high	SI	ExoMol line list paper
112	10.1021/acs.jpca.6b02293	2016	Császár	Small Molecules—Big Data		high	SI	spectroscopic-network method
113	10.3847/0067-0049/224/2/44	2016	Furtenbacher	EXPERIMENTAL ENERGY LEVELS AND PARTITION FUNCTION OF THE 12 C 2 MOLECULE		high	SI	
114	10.1093/mnras/stw1969	2016	McKemmish	ExoMol line lists – XVIII. The high-temperature spectrum of VO	VO	high	SI	ExoMol line list paper
115	10.1093/mnras/stw3125	2016	Polyansky	ExoMol molecular line lists XIX: high-accuracy computed hot line lists for H218O and H217O	H2O	high	SI	ExoMol line list paper
116	10.1016/j.jms.2016.05.002	2016	Tennyson	The ExoMol database: Molecular line lists for exoplanet and other hot atmospheres		high	SI	ExoMol line list paper
117	10.1002/qua.25190	2016	Tennyson	The ExoMol project: Software for computing large molecular line lists		high	SI	ExoMol line list paper
118	10.1039/c5cp04270d	2015	Császár	Promoting and inhibiting tunneling via nuclear motions	C3,NH3	high	SI	
119	10.1016/j.jqsrt.2015.03.034	2015	Derzi	MARVEL analysis of the measured high-resolution spectra of 14NH3		high	SI	MARVEL in title
120	10.1093/mnras/stv1543	2015	Paulose	ExoMol molecular line lists – XII. Line lists for eight isotopologues of CS	CS	high	SI	ExoMol line list paper
121	10.1016/j.jqsrt.2014.03.019	2014	Tennyson	IUPAC critical evaluation of the rotational–vibrational spectra of water vapor. Part IV. Energy levels and transition wavenumbers for D216O, D217O, and D218O	H2O	high	SI	
122	10.1515/pac-2014-5012	2014	Tennyson	A database of water transitions from experiment and theory (IUPAC Technical Report)	H2O,NO,H2	high	SI	
123	10.1093/mnras/stt2011	2013	Barber	ExoMol line lists – III. An improved hot rotation-vibration line list for HCN and HNC	HCN,HNC	high	journal table	ExoMol line list paper
124	10.1021/ct4004355	2013	Furtenbacher	Analysis of the Rotational–Vibrational States of the Molecular Ion H3+	H3+	high	journal table	spectroscopic-network method
125	10.1039/c3cp44610g	2013	Furtenbacher	MARVEL analysis of the rotational–vibrational states of the molecular ions H2D+ and D2H+		high	journal table	MARVEL in title
126		2013	Tennyson	IUPAC critical evaluation of the rotational-vibrational spectra of water vapor, Part III: Energy levels and transition	H2O,H2	high	journal table	no DOI
127	10.1016/j.jqsrt.2012.01.005	2012	Furtenbacher	MARVEL: Measured active rotational–vibrational energy levels. II. Algorithmic improvements		high	journal table	MARVEL in title
128	10.1111/j.1365-2966.2012.21440.x	2012	Tennyson	ExoMol: molecular line lists for exoplanet and other atmospheres	CH4,C2H6,HNO3	high	journal table	ExoMol line list paper
129	10.1016/j.jqsrt.2012.10.002	2012	Tennyson	IUPAC critical evaluation of the rotational–vibrational spectra of water vapor, Part III: Energy levels and transition wavenumbers for H216O	H2O	high	journal table	spectroscopic-network method
130	10.1088/1367-2630/12/10/103006	2010	Gambetta	Frequency metrology in the near-infrared spectrum of H217O and H218O molecules: testing a new inversion method for retrieval of energy levels		high	journal table	
131	10.1016/j.jms.2010.10.007	2010	Liu	(0 0 0) and (0 1 0) energy levels of the HD18O and D218O molecules from analysis of their ν2 bands		high	journal table	
132	10.1016/j.jqsrt.2010.01.026	2010	Tashkun	Critical evaluation of measured pure-rotation and rotation-vibration line positions and an experimental dataset of energy levels of 12C16O in X1Σ+ state		high	journal table	
133	10.1016/j.jqsrt.2010.06.012	2010	Tennyson	IUPAC critical evaluation of the rotational–vibrational spectra of water vapor. Part II	H2O	high	journal table	
134	10.1016/j.jqsrt.2009.01.012	2009	Mikhailenko	Critical evaluation of measured rotation–vibration transitions and an experimental dataset of energy levels of HD18O		high	journal table	
135	10.1016/j.jqsrt.2009.02.014	2009	Tennyson	IUPAC critical evaluation of the rotational–vibrational spectra of water vapor. Part I—Energy levels and transition wavenumbers for H217O and H218O	H2O	high	journal table	
136		2009	Tennyson	IUPAC critical evaluation of the rotational-vibrational spectra of water vapor. Part I—Energy levels and transition wavenumbers	H2O,H2	high	journal table	no DOI
137	10.1063/1.2806165	2008	Yurchenko	Potential energy surface of HDO up to 25000cm−1	HDO,HD	high	journal table	
138	10.1016/j.jms.2026.112084	2026	Barnfield	Machine learning isotope shifts in molecular energy levels	CO2,CO	medium	ExoMol	2 isotopologues, ExoMol-related, mentions MARVEL
139	10.1063/5.0343162	2026	Brakmane	Direct-potential fit of the K2 ground state in the entire bound, quasi-bound, and continuum energy range	LiF	medium	unknown	2 isotopologues
140	10.1063/5.0322874	2026	Cao	Rovibrational Energies of Carbon Dioxide with Kilohertz Accuracy	CO2	medium	unknown	2 isotopologues
141	10.3390/molecules31111793	2026	Huang	A 0.002 cm−1-Accurate PES for 14N216O		medium	unknown	mentions MARVEL
142	10.1039/d5cp04424c	2026	Pezzella	Vibrational relaxation rate coefficients in CS–He collisions up to the dissociation limit: mixed quantum-classical calculations and neural network predictions	CS	medium	unknown	
143	10.3847/1538-4357/ae1128	2025	Bhusal	The b 3 Π–a 3 Δ and b 3 Π–X 1 Σ + Band Systems of ZrO	ZrO	medium	CDS/VizieR	
144	10.1016/j.jqsrt.2025.109513	2025	Furtenbacher	Improved assessment of H 2 16 O transitions in the region 6600–7500 cm − 1	H2O	medium	unknown	
145	10.1016/j.jqsrt.2025.109502	2025	Huang	Accurate N2O IR line lists with consistent empirical line positions: ABG-IMRHT and Ames-2000K	N2O	medium	Zenodo	12 isotopologues, ExoMol-related, mentions MARVEL
146	10.1063/5.0209834	2024	Gamache	Ideal Gas Thermodynamic Functions For NO From the Total Partition Sum and Its Moments	NO	medium	unknown	
147	10.1063/5.0215051	2024	Jaquet	A nearly complete treatment of the effect of non-adiabaticity on rovibrational energies of H3+ (Part III)	H3+,CP	medium	unknown	
148	10.1039/d4cp03418j	2024	Khalil	Theoretical investigation of the A 1 Π–X 1 Σ + , B 1 Σ + –X 1 Σ + , C 1 Σ + –X 1 Σ + , and E 1 Π–X 1 Σ + transitions of the CO molecule	CO	medium	unknown	
149	10.1039/d4cp01205d	2024	Owens	A highly accurate potential energy surface for carbonyl sulphide (OCS): how important are the ab initio calculations?	OCS	medium	unknown	
150	10.5463/thesis.477	2023	Diouf	Saturated Ultra-Precision Spectroscopy of Water and HD with NICE-OHMS	H2O,HD	medium	unknown	
151	10.1364/cleo_at.2023.aw4e.1	2023	Germann	Precision Frequency Comb Spectroscopy in the 8 µm Range	H2CO	medium	unknown	
152	10.1080/00268976.2023.2232892	2023	Huang(黄新川)	Highly accurate potential energy surface and dipole moment surface for nitrous oxide and 296K infrared line lists for 14 N 2 16 O and minor isotopologues	N2O	medium	Zenodo	
153	10.1063/5.0148810	2023	Melosso	Hyperfine-resolved spectra of HDS together with a global ro-vibrational analysis	H2S	medium	unknown	mentions MARVEL
154	10.1016/j.jqsrt.2023.108878	2023	Árendás	Spectroscopic heat maps reveal how to design experiments to improve the uncertainties of transitions and energy levels present in line-by-line databases	H2O,C2H2	medium	unknown	
155	10.1016/j.jqsrt.2022.108349	2022	Nikitin	Ro-vibrational levels and their (e-f) splitting of acetylene molecule calculated from new potential energy surfaces	C2H2	medium	unknown	
156	10.1093/mnras/stac2588	2022	Pavlenko	AlH lines in the blue spectrum of Proxima Centauri	AlH	medium	ExoMol	ExoMol-related
157	10.1051/0004-6361/202142683	2022	Regt	A quantitative assessment of the VO line list: Inaccuracies hamper high-resolution VO detections in exoplanet atmospheres	VO	medium	CDS/VizieR	
158	10.3389/fphy.2022.996001	2022	Sarka	Assigning quantum labels and improving accuracy for the ro-vibrational eigenstates of H3+ calculated using ScalIT	H3+	medium	unknown	
159	10.1063/5.0129828	2022	Tschöpe	Convergence of series expansions in rovibrational configuration interaction (RVCI) calculations	H2CO	medium	unknown	
160	10.1016/j.jqsrt.2021.107914	2021	Campargue	Validation tests of the W2020 energy levels of water vapor	H2O	medium	unknown	
161	10.1016/j.jqsrt.2021.107949	2021	Gordon	The HITRAN2020 molecular spectroscopic database	H2O,CS2,CH3F	medium	unknown	
162	10.1039/d1cp02639a	2021	Rakovský	Pattern recognition as a new strategy in high-resolution spectroscopy: application to methanol OH-stretch overtones	CH3OH	medium	unknown	
163	10.1063/5.0053279	2021	Yachmenev	Electric quadrupole transitions in carbon dioxide	H2O,CO2	medium	unknown	
164		2021	Yachmenev	Electric quadrupole transitions in carbon dioxide	H2O,CO2	medium	unknown	no DOI
165	10.7498/aps.70.20210100	2021	Zheng	Study on dual-optical paths for simultaneous measurement method of water vapor absorption spectrum in 1 μm band	H2O	medium	unknown	
166	10.1186/s13321-021-00534-y	2021	Árendás	Selecting lines for spectroscopic (re)measurements to improve the accuracy of absolute energies of rovibronic quantum states	NH	medium	unknown	spectroscopic-network method
167	10.3847/1538-3881/ab8f9c	2020	Buzard	Simulating the Multi-epoch Direct Detection Technique to Isolate the Thermal Emission of the Non-transiting Hot Jupiter HD187123b	H2O	medium	CDS/VizieR	
168	10.1051/0004-6361/202038350	2020	Chubb	The ExoMolOP database: Cross sections and k -tables for molecules of interest in high-temperature exoplanet atmospheres	NO	medium	ExoMol	ExoMol-related
169	10.48550/arxiv.2009.00687	2020	Chubb	The ExoMolOP Database: Cross-sections and k-tables for Molecules of Interest in High-Temperature Exoplanet Atmospheres	NO	medium	ExoMol	ExoMol-related
170	10.1093/mnras/staa981	2020	Gandhi	Molecular cross-sections for high-resolution spectroscopy of super-Earths, warm Neptunes, and hot Jupiters	H2O,CO2,CO,CH4,NH3,HCN,H2,HD	medium	CDS/VizieR	
171	10.1051/0004-6361/202037863	2020	Pavlenko	Analysis of the TiO isotopologues in stellar optical spectra	TiO	medium	ExoMol	ExoMol-related
172	10.1093/mnras/staa1592	2020	Piette	Assessing spectra and thermal inversions due to TiO in hot Jupiter atmospheres	TiO	medium	CDS/VizieR	
173	10.1016/j.jqsrt.2020.107352	2020	Qin	Line lists for the X2Σ+-X2Σ+, A2Π-A2Π and A2Π-X2Σ+ transitions of CP	CP	medium	unknown	
174	10.1364/optica.395943	2020	Reed	SI-traceable molecular transition frequency measurements at the 10−12 relative uncertainty level	CO2,CS	medium	unknown	
175	10.1134/s1024856020040181	2020	Vasilenko	Estimation of the Effect of Spectroscopic Information Accuracy on the Lidar Measurements of Methane with the Use of Expert Line Lists	CH4,C2H6	medium	unknown	
176	10.1134/s1024856020050188	2020	Vasilenko	Expert List of Absorption Lines of the SO2 Molecule in the 2000–3000 cm–1 Spectral Region	SO2	medium	unknown	
177	10.1016/j.jqsrt.2019.106711	2019	Conway	Calculated line lists for H216O and H218O with extensive comparisons to theoretical and experimental sources including the HITRAN2016 database	H2O	medium	unknown	
178	10.1016/j.cplett.2019.136700	2019	Kumar	The J-dependent rotational Hamiltonian method for analyzing rovibrational spectra: Application to HO2, H2O, and O3	H2O,O3,HO2	medium	unknown	
179	10.1063/1.5099454	2019	Markus	Highly accurate experimentally determined energy levels of H3+	H3+	medium	unknown	
180	10.1364/ee.2018.ew3a.4	2018	Rutkowski	Experimental 1.5-1.6 μm Water Line List at 1950 K	H2O	medium	unknown	
181	10.1134/s1024856017020038	2017	Akhlestin	Information system for molecular spectroscopy: 6—systematization of spectral data on deutero-substituted isotopologues of the hydrogen sulfide molecule	H2S	medium	unknown	
182	10.1063/1.4983120	2017	Simkó	Recommended Ideal-Gas Thermochemical Functions for Heavy Water and its Substituent Isotopologues	H2O,CP	medium	unknown	
183	10.1117/12.2249235	2016	Akhlyostin	The current status of the W@DIS information system	H2O	medium	unknown	
184	10.1016/j.jms.2016.05.001	2016	Barton	A near infrared line list for NH3: Analysis of a Kitt Peak spectrum after 35 years	NH3	medium	unknown	
185	10.1117/12.2249480	2016	Borkov	Critical evaluation of measured rotation-vibration line positions of 14N16O in the X2π state using Ritz method	NO	medium	unknown	
186	10.1063/1.4967723	2016	Furtenbacher	Definitive Ideal-Gas Thermochemical Functions of the H216O Molecule	H2O	medium	unknown	
187	10.1016/j.jms.2016.08.003	2016	Polyansky	Calculation of rotation-vibration energy levels of the ammonia molecule based on an ab initio potential energy surface	NH3	medium	unknown	
188	10.1016/j.jqsrt.2015.12.022	2016	Zak	A room temperature CO2 line list with ab initio computed intensities	CO2	medium	unknown	
189	10.1016/j.jqsrt.2015.11.016	2015	Mikhailenko	CRDS of 17O enriched water between 5850 and 6671 cm−1: More than 1000 energy levels of H217O and HD17O newly determined	H2O	medium	unknown	
190	10.1038/srep04654	2014	Furtenbacher	Simple molecules as complex systems	H2	medium	unknown	spectroscopic-network method
191	10.1103/physreva.89.032505	2014	Lodi	QED correction for H3+	H3+	medium	unknown	
192	10.1016/j.jms.2014.12.023	2014	Mellau	Hot water emission spectra: Rotational energy levels of the (0 0 0) and (0 1 0) states of HD17O	H2O	medium	unknown	
193	10.1016/j.jqsrt.2014.02.006	2014	Mikhailenko	An accurate and complete empirical line list for water vapor between 5850 and 7920cm−1	H2O	medium	unknown	
194	10.1016/j.jqsrt.2014.10.017	2014	Tashkun	CDSD-296, high resolution carbon dioxide spectroscopic databank: Version for atmospheric applications	CO2	medium	unknown	
195	10.1016/j.jms.2012.09.006	2012	Down	Analysis of an 18O and D enhanced water spectrum and new assignments for HD18O and D218O in the near-infrared region (6000–7000 cm−1) using newly calculated variational line lists	H2O	medium	unknown	
196	10.1063/1.3697540	2012	Huang	An isotopic-independent highly accurate potential energy surface for CO2 isotopologues and an initial 12C16O2 infrared line list	CO2,CO	medium	unknown	2 isotopologues
197	10.1016/j.jqsrt.2012.02.023	2012	Lodi	Line lists for H218O and H217O based on empirical line positions and ab initio intensities	H2O	medium	unknown	
198	10.1098/rsta.2011.0259	2012	Polyansky	Global spectroscopy of the water monomer	H2O	medium	unknown	
199	10.1063/1.4707463	2012	Szidarovszky	The role of axis embedding on rigid rotor decomposition analysis of variational rovibrational wave functions	H2O	medium	unknown	
200	10.1039/c1cp21830a	2011	Császár	The fourth age of quantum chemistry: molecules in motion	NH,CH	medium	unknown	
201	10.1002/wcms.94	2011	Tennyson	Accurate variational calculations for line lists to model the vibration–rotation spectra of hot astrophysical atmospheres	H2O	medium	unknown	
202	10.1021/ct100711u	2011	Vázquez	Vibrational Energy Levels via Finite-Basis Calculations Using a Quasi-Analytic Form of the Kinetic Energy	H2O,CO2	medium	unknown	
203	10.1063/1.2817606	2008	Lodi	A new ab initio ground-state dipole moment surface for the water molecule	H2O	medium	unknown	
204	10.1063/1.2927903	2008	Shirin	Water line lists close to experimental accuracy using a spectroscopically determined potential energy surface for H2O16, H2O17, and H2O18	H2O	medium	unknown	
205	10.1063/5.0345650	2026	Blackmore	Laser-based spectroscopy of iron monohydride (FeH): Transitions involving the I 4Φ electronic state	CO,FeH,H2	low	unknown	
206	10.1039/d6cp01589a	2026	Lechevallier	Difference-frequency spectroscopy of water in the 600–1300 GHz region	H2O	low	unknown	
207	10.1016/j.jqsrt.2026.110091	2026	Sharybkina	Analysis of the Fourier spectrum of SO2 in the 4700–5200 cm–1 region	SO2	low	unknown	
208	10.1063/5.0244158	2025	Ceotto	Exact factorization method for bound vibrational states: An analytical tool for accurate approximations		low	unknown	
209	10.1016/j.jqsrt.2025.109568	2025	Gamache	Partition sums for molecules and their isotopologues for HITRAN2024		low	unknown	
210	10.1016/j.jqsrt.2025.109463	2025	Mizus	Approaching experimental accuracy for triatomic spectra using variational calculations: Potential energy and dipole moment surfaces of 14 N 2 16 O		low	unknown	
211	10.3847/1538-3881/adce76	2025	Richey-Yowell	Stringent Limits on H 3 + Emission from the Hot Jupiters WASP-80b and WASP-69b		low	CDS/VizieR	atmospheric/retrieval/opacity context
212	10.1016/j.jqsrt.2025.109757	2025	Rodina	Modeling and analysis of high-resolution H212CO spectra in the range 4450-5000 cm-1		low	unknown	
213	10.1038/s41597-025-05272-6	2025	Turányi	ReSpecTh: Reaction kinetics, spectroscopy, and thermochemical datasets		low	unknown	atmospheric/retrieval/opacity context
214	10.1016/bs.aiq.2025.01.002	2025	Tóbiás	Past, present, and future of joint utilization of experimental, empirical, and computed spectroscopic data: Challenges, advantages, and recommendations		low	unknown	
215	10.1021/acs.jpca.5c02226	2025	Xu	Reliable Modeling of Anharmonic Spectra Line-Shapes from VPT2 and Hybrid QM Models: IR Spectrum of Uracil as a Test Case		low	unknown	
216	10.1038/s42254-025-00839-z	2025	Yurchenko	Data challenges and prospects of high-resolution spectroscopy of exoplanets		low	unknown	
217	10.1093/rasti/rzae039	2024	Chubb	Data availability and requirements relevant for the Ariel space mission and other exoplanet atmosphere applications		low	unknown	atmospheric/retrieval/opacity context
218	10.1007/s40766-024-00054-z	2024	Gianfrani	Advances in cavity-enhanced methods for high precision molecular spectroscopy and test of fundamental physics		low	unknown	
219	10.53759/832x/jcims202402009	2024	Haldorai	Advancements in Energy Harvesting Technologies: A Comparative Study of Various Techniques and Materials		low	unknown	
220	10.1063/5.0239949	2024	Krasnoshchekov	Systematic ab initio calculation of spectroscopic constants for A -reduced rotational effective Hamiltonians of asymmetric top molecules using normal ordering of cylindrical angular momentum operators	H2S,C2H4	low	unknown	
221	10.2139/ssrn.4900006	2024	Mizus	Approaching Experimental Accuracy for Triatomic Spectra Using Variational Calculations: Potential Energy and Dipole Moment Surfaces of 14n216o		low	unknown	
222	10.1016/j.jqsrt.2024.109180	2024	Nikitin	New quantum assignments and analysis of high-resolution H212CO spectra in the range 3700–4450 cm-1		low	unknown	
223	10.2139/ssrn.4887582	2024	Nikitin	New Quantum Assignments and Analysis of High-Resolution H212co Spectra in the Range 3700-4450 Cm-1		low	unknown	
224	10.1063/5.0167683	2024	Shumakova	A short guide to recent developments in laser-based gas phase spectroscopy, applications, and tools		low	unknown	
225	10.1038/s41598-023-46665-0	2024	Árendás	Verification labels for rovibronic quantum-state energy uncertainties		low	unknown	spectroscopic-network method
226	10.24100/mkf.2023.01.15	2023	Császár	Kutatások a kvantumkémia negyedik korszakában		low	unknown	
227	10.1016/j.jms.2023.111834	2023	Ecseri	Joint survey of the experimental high-resolution spectra of H16O37Cl and H16O35Cl with a reanalysis of the 2ν2 band		low	unknown	
228	10.1039/d2cp05179f	2023	Jiang	Insights into the molecular structure and infrared spectrum of the prebiotic species aminoacetonitrile	CH3CN	low	unknown	
229	10.1139/cjc-2022-0277	2023	Mehta	Is explicitly correlated double-hybrid density functional theory advantageous for vibrational frequencies?		low	unknown	
230	10.3847/1538-4357/acc9ad	2023	Tschöpe	Spectroscopic Characterization of Diazophosphane—A Candidate for Astrophysical Observations		low	CDS/VizieR	
231	10.1093/mnras/stad251	2023	Tschöpe	A theoretical study of propynal under interstellar conditions and beyond, covering low-frequency infrared spectra, spectroscopic constants, and hot bands		low	CDS/VizieR	
232	10.1109/jstars.2023.3322640	2023	Wu	An Analysis Method of Gas Absorption Spectrum Characteristics Based on Fuzzy Comprehensive Evaluation		low	unknown	atmospheric/retrieval/opacity context
233	10.1080/00268976.2022.2050430	2022	Diouf	Ultraprecise relative energies in the (2 0 0) vibrational band of H 2 16 O		low	unknown	
234	10.1016/j.jqsrt.2022.108389	2022	Solodov	FT spectroscopy of water vapor in the 0.9 µm transparency window	H2O	low	unknown	
235	10.3847/1538-4357/ac87fb	2022	Takahashi	Low-J Transitions in A˜2Π(0,0,0)−X˜2Σ+(0,0,0) Band of Buffer-gas-cooled CaOH		low	CDS/VizieR	atmospheric/retrieval/opacity context
236	10.3389/fspas.2021.795040	2022	Tennyson	High Accuracy Molecular Line Lists for Studies of Exoplanets and Other Hot Atmospheres		low	CDS/VizieR	atmospheric/retrieval/opacity context
237	10.1016/j.jqsrt.2022.108366	2022	Terashkevich	A coupled-channel deperturbation treatment of the X2Σ+∼A2Π∼B2Σ+ complex of the CN radical towards spectroscopic accuracy	CN	low	unknown	
238	10.1016/j.jqsrt.2022.108326	2022	Toureille	Water vapor absorption spectroscopy and validation tests of databases in the far-infrared (50–720 cm-1). Part 1: Natural water	H2O	low	unknown	
239	10.1021/acs.jpca.2c01438	2022	Trujillo	VIBFREQ1295: A New Database for Vibrational Frequency Calculations		low	unknown	
240	10.1038/s43586-021-00034-1	2021	Barone	Computational molecular spectroscopy		low	unknown	
241	10.1016/j.jqsrt.2021.107716	2021	Conway	Determination of quantum labels based on projections of the total angular momentum on the molecule-fixed axis		low	unknown	
242	10.1063/5.0052744	2021	Diouf	Network-Based Design of Near-Infrared Lamb-Dip Experiments and the Determination of Pure Rotational Energies of H218O at kHz Accuracy		low	unknown	spectroscopic-network method
243	10.1002/wcms.1520	2021	McKemmish	Molecular diatomic spectroscopy data		low	unknown	
244	10.1016/j.cplett.2021.139028	2021	Qin	Spectral transition properties of the A1Π-X1Σ+ system for PN	PN	low	unknown	
245	10.1038/s41598-021-85568-w	2021	Ratajczak	Measurement of the dependence of ultra diluted gas transmittance on the size of the detector	H2O	low	unknown	
246	10.1039/d1cp02537f	2021	Semenov	Rovibronic spectroscopy of PN from first principles	PN	low	unknown	
247	10.1016/j.jqsrt.2021.107916	2021	Terashkevich	A computational study of the non-adiabatic coupling among low-lying doublet states of the CN radical	CN	low	unknown	
248	10.1016/j.jqsrt.2021.107756	2021	Tóbiás	autoECART: Automatic energy conservation analysis of rovibronic transitions	H2O	low	unknown	spectroscopic-network method
249	10.1039/d1cp04391a	2021	Voute	Femtochemistry of bimolecular reactions from weakly bound complexes: computational study of the H + H′OD → H′OH + D or HOD + H′ exchange reactions	OH,HCl,NO	low	unknown	
250	10.1016/j.jqsrt.2021.107861	2021	Čermák	Accurate 14 NH 3 line-list for the 2.3 μ m spectral region	NH	low	unknown	
251	10.1016/j.molstruc.2020.127960	2020	Lees	Patterns in synchrotron near-free-rotor FIR spectra of CH3OH and CD3OH – The tau of methanol	CH3OH	low	unknown	
252	10.1016/j.jqsrt.2020.106840	2020	Mikhailenko	Water vapor absorption between 5690 and 8340 cm−1: Accurate empirical line centers and validation tests of calculated line intensities	H2O	low	unknown	
253	10.3847/1538-3881/ab5a8a	2020	Smith	Detecting and Characterizing Water Vapor in the Atmospheres of Earth Analogs through Observation of the 0.94 μm Feature in Reflected Light	H2O,O3	low	CDS/VizieR	atmospheric/retrieval/opacity context
254	10.1002/qua.26221	2020	Surján	Introducing the γ function in quantum theory		low	unknown	
255	10.1016/j.jqsrt.2020.107030	2020	Vispoel	Vibrational dependence, temperature dependence, and prediction of line shape parameters for the H2O-N2 collision system	H2O,N2	low	unknown	
256	10.1016/j.jqsrt.2019.106687	2019	Bernath	MoLLIST: Molecular Line Lists, Intensities and Spectra		low	unknown	
257	10.24100/mkf.2019.03.105	2019	Császár	Digitális kémia		low	unknown	
258	10.1016/j.jqsrt.2019.04.040	2019	Hargreaves	Spectroscopic line parameters of NO, NO2, and N2O for the HITEMP database	N2O,NO2,NO	low	unknown	
259	10.1016/j.fuel.2019.116652	2019	Nevrlý	TDLAS-based in situ diagnostics for the combustion of preheated ultra–lean dimethyl ether/air mixtures		low	unknown	
260	10.1016/j.jqsrt.2019.04.023	2019	Tashkun	Global modeling of the 14N216O line positions within the framework of the non-polyad model of effective Hamiltonian		low	unknown	
261	10.15476/elte.2018.131	2019	Árendás	Theory of spectroscopic networks		low	unknown	spectroscopic-network method
262	10.1016/j.jqsrt.2018.11.039	2018	Huang	Quantitative validation of Ames IR intensity and new line lists for 32/33/34S16O2, 32S18O2 and 16O32S18O		low	unknown	
263	10.1063/1.5010957	2018	Kassi	Lamb dip CRDS of highly saturated transitions of water near 1.4 μ m	H2O	low	unknown	
264	10.1016/j.jqsrt.2018.01.020	2018	Sulakshina	Critical evaluation of measured line positions of 14N16O in X2П state		low	unknown	
265	10.1016/j.jqsrt.2017.03.042	2017	Barton	Absorption spectra of ammonia near 1 μm	NH3	low	unknown	
266	10.1016/j.jms.2017.08.008	2017	Brackertz	Searching for new symmetry species of CH5+ – From lines to states without a model		low	unknown	
267	10.1016/j.jqsrt.2017.10.028	2017	Czinki	The 1943 K emission spectrum of H216O between 6600 and 7050 cm −1	H2O	low	unknown	
268	10.1016/j.jqsrt.2017.07.034	2017	Serdyukov	Study of HDO absorption in the 11,200–12,400 cm−1 range using LED-based Fourier transform spectroscopy	HDO	low	unknown	
269	10.1016/j.molap.2017.05.002	2017	Tennyson	Laboratory spectra of hot molecules: Data needs for hot super-Earth exoplanets	H2O	low	CDS/VizieR	ExoMol-related, atmospheric/retrieval/opacity context
270	10.1088/1361-6455/aa8ca6	2017	Tennyson	High-accuracy calculations of the rotation-vibration spectrum of H 3 +		low	unknown	
271	10.1016/j.jqsrt.2017.03.031	2017	Tóbiás	Cycle bases to the rescue		low	unknown	
272	10.1016/j.jqsrt.2016.11.009	2016	Barton	High-resolution absorption measurements of NH3 at high temperatures: 2100–5500 cm−1	NH3	low	unknown	
273	10.1016/j.jqsrt.2016.12.016	2016	Campargue	The absorption spectrum of water vapor in the 2.2 μm transparency window: High sensitivity measurements and spectroscopic database	H2O	low	unknown	
274	10.1007/978-3-662-49327-4_1	2016	Guelachvili	An introduction to the molecular parameters of non-linear triatomic molecules		low	unknown	
275	10.1016/j.jms.2016.06.007	2016	Jacquinet-Husson	The 2015 edition of the GEISA spectroscopic database		low	unknown	
276	10.1016/j.jqsrt.2016.03.035	2016	Mikhailenko	A spectroscopic database for water vapor between 5850 and 8340 cm−1	H2O	low	unknown	
277	10.1016/j.jms.2016.04.006	2016	Rey	TheoReTS – An information system for theoretical spectra based on variational predictions from molecular potential energy and dipole moment surfaces		low	unknown	
278	10.1007/s10910-016-0591-1	2016	Árendás	On spectra of spectra		low	unknown	
279	10.1016/j.jqsrt.2015.07.020	2015	Barton	High-resolution absorption measurements of NH3 at high temperatures: 500–2100cm−1	NH3	low	unknown	
280	10.1016/j.jqsrt.2015.02.011	2015	Campargue	The absorption spectrum of water vapor in the 1.25μm atmospheric window (7911–8337cm−1)	H2O	low	unknown	atmospheric/retrieval/opacity context
281	10.1021/acs.jpca.5b07156	2015	Császár	Zero-Cost Estimation of Zero-Point Energies	NO	low	unknown	
282	10.5281/zenodo.44550	2015	Vakulenko	Порівняльний Аналіз Стану Судин Лівої Та Правої Верхньої Кінцівки З Використанням Інформаційної Технології Морфологічного Аналізу Артеріальних Осцилограм = Comparative Analysis Of Vascular Left And Right Upper Extremity Using Information Technology Morphological Analysis Of Arterial Oscillograms	CO,NO	low	Zenodo	
283	10.1007/978-3-642-41449-7_1	2014	Guelachvili	Introduction		low	unknown	
284	10.1016/j.icarus.2014.03.037	2014	Lavrentieva	Linelist of HD16O for study of atmosphere of terrestrial planets (Earth, Venus and Mars)		low	unknown	atmospheric/retrieval/opacity context
285	10.1016/j.jqsrt.2014.02.002	2014	Liu	CW-Cavity Ring Down Spectroscopy of deuterated water in the 1.58μm atmospheric transparency window	H2O	low	unknown	atmospheric/retrieval/opacity context
286	10.1007/978-3-642-32188-7_12	2013	Guelachvili	Table 10. H2 17O (H17OH): Calculated vibrational band origins for 103 vibrational transitions	H2	low	unknown	
287	10.1007/978-3-642-32188-7_65	2013	Guelachvili	Table 63. H2 18O (H18OH): Calculated vibrational band origins for 103 vibrational transitions	H2	low	unknown	
288	10.1016/j.jqsrt.2013.11.006	2013	Karlovets	High sensitivity Cavity Ring Down spectroscopy of 18O enriched carbon dioxide between 5850 and 7000 cm−1: Part III–Analysis and theoretical modeling of the 12C17O2, 16O12C17O, 17O12C18O, 16O13C17O and 17O13C18O spectra	CO2	low	unknown	
289	10.1016/j.optlastec.2013.09.021	2013	Maleki	V-shaped external cavity diode pump for 100nm continuous tuning of a difference-frequency generation		low	unknown	
290	10.1016/j.jqsrt.2013.07.002	2013	Rothman	The HITRAN2012 molecular spectroscopic database		low	unknown	
291	10.1063/1.4792372	2013	Truong	Comb-linked, cavity ring-down spectroscopy for measurements of molecular transition frequencies at the kHz-level	CO2	low	unknown	
292	10.1016/j.jms.2011.03.031	2011	Császár	Spectroscopic networks		low	unknown	spectroscopic-network method
293	10.1016/j.molstruc.2011.10.057	2011	Furtenbacher	The role of intensities in determining characteristics of spectroscopic networks		low	unknown	spectroscopic-network method
294	10.1063/1.3625404	2011	Fábri	Variational quantum mechanical and active database approaches to the rotational-vibrational spectroscopy of ketene, H2CCO		low	unknown	spectroscopic-network method
295	10.1016/j.jms.2011.03.022	2011	Leshchishina	High sensitivity ICLAS of H218O between 13 540 and 14 100 cm−1		low	unknown	
296	10.1016/j.jms.2011.05.005	2011	Mikhailenko	The absorption spectrum of water in the 1.25 μm transparency window (7408–7920 cm−1)	H2O	low	unknown	
297	10.1016/j.jqsrt.2011.12.008	2011	Perevalov	Global modeling of the 14N216O line positions within the framework of the polyad model of effective Hamiltonian		low	unknown	
298	10.1007/s10910-011-9830-7	2011	Tasi	Analytical and numerical computation of error propagation of model parameters		low	unknown	
299	10.1016/j.jms.2011.05.003	2011	Zobov	Analysis of high temperature ammonia spectra from 780 to 2100 cm−1	NH3	low	unknown	
300	10.1002/chem.200903252	2010	Császár	From a Network of Computed Reaction Enthalpies to Atom‐Based Thermochemistry (NEAT)	CO,NH,OH,CH,HF	low	unknown	
301	10.1063/1.3451075	2010	Mátyus	Assigning quantum labels to variationally computed rotational-vibrational eigenstates of polyatomic molecules		low	unknown	
302		2010	Privezentsev	Ontology for Water Spectroscopy Information Resources	H2O	low	unknown	no DOI
303	10.1016/j.jqsrt.2010.01.010	2010	Tashkun	Global fittings of 14N15N16O and 15N14N16O vibrational–rotational line positions using the effective Hamiltonian approach		low	unknown	
304		2010	Фазлиев	Computed knowledge base for description of information resources of water spectroscopy	H2O	low	unknown	no DOI
305	10.1515/ci.2009.31.5.17c	2009		A Database of Water Transitions from Experiment and Theory	H2O	low	unknown	
306	10.1016/j.jqsrt.2009.04.013	2009	Liu	High sensitivity CW-CRDS of 18O enriched water near 1.6μm	H2O	low	unknown	
307	10.1016/s1574-1400(07)03009-5	2007	Császár	Chapter 9 An Active Database Approach to Complete Rotational–Vibrational Spectra of Small Molecules		low	unknown	
308		2007	Czakó	Toward first-principles complete spectroscopy of small molecules		low	unknown	no DOI
309	10.1016/j.jqsrt.2007.10.003	2007	Furtenbacher	On employing , , , and lines as frequency standards in the 15–170cm−1 window		low	unknown	
